<?xml version="1.0" encoding="UTF-8"?>
<fix>
	<sighting>
		<body>Aldebaran</body>
		<date>2016-03-01</date>
		<time>23:40:01</time>
		<observation>015d04.9</observation>
		<height>6.0</height>
		<temperature>72</temperature>
		<pressure>1010</pressure>
		<horizon>Artificial</horizon>
	</sighting>
	<sighting>
		<body>Peacock</body>
		<date>2016-03-02</date>
		<time>00:05:05</time>
		<observation>045d15.2</observation>
		<height>6.0</height>
		<temperature>71</temperature>
		<pressure>1010</pressure>
		<horizon>Natural</horizon>
	</sighting>
</fix>